id,item_group_id,title,description,availability,condition,price,link,image_link,brand
US_1182856065_028de6e778,US_1182856065,(US)🇺🇸美国沃尔玛摄像头,"Keyword: Webcam 4K
Store: Vizolink",in stock,new,0.00 USD,https://www.walmart.com/ip/PC-Camera-Webcam-with-4-Microphones-1080P-for-Laptop-Video-Call-Conference-Stream-Computer-Webcam-Vizolink/1182856065?classType=VARIANT&adsRedirect=true,https://i5.walmartimages.com/seo/PC-Camera-Webcam-with-4-Microphones-1080P-for-Laptop-Video-Call-Conference-Stream-Computer-Webcam-Vizolink_7be1f1b3-5def-44fb-804b-397c6b690d3b.ee4f0faaafa573f8984048c63a53552b.jpeg?odnHeight=573&odnWidth=573&odnBg=FFFFFF,Vizolink
US_2569874589_da0daf6496,US_2569874589,(US)🇺🇸美国tiktok盒子,"Keyword: pre roll case
Store: pre roll case
remark: Need Text Review",in stock,new,0.00 USD,https://www.tiktok.com/shop/pdp/1732031059697766416?source=ecommerce_searchresult&enter_method=feed_list_search_word&first_entrance=homepage_hot&first_entrance_position=navigation_bar,http://154.48.226.95:5001/image/20251203/40a06a59ae4a4d2fae18d9bd362e7a50.png,pre roll case
US_3577271728_3230ae7204,US_3577271728,(US)🇺🇸美国ebay灯泡,"Keyword: LED Light Bulbs E12
Store: Depuley",in stock,new,0.00 USD,https://www.ebay.com/itm/357727172812,http://154.48.226.95:5001/image/20251010/7334539a18c84c06862aa50f0697ff84.png,Depuley
US_3577273062_64066b9fca,US_3577273062,(US)🇺🇸美国ebay户外灯,"Keyword: Solar Light Outdoor Waterproof
Store: Depuley",in stock,new,0.00 USD,https://www.ebay.com/itm/357727306272,http://154.48.226.95:5001/image/20251010/cc4d77a6a3b44f34b86952f37822a73f.png,Depuley
US_5407182953_f51200db07,US_5407182953,(US)🇺🇸美国沃尔玛按摩器,"Keyword: Electric Cordless Hair Scalp Massager
Store: Morfone Official
remark: Need Text Review",in stock,new,0.00 USD,https://www.walmart.com/ip/Morfone-Electric-Cordless-Hair-Scalp-Massager-Kneading-76-Massage-Nodes-Handheld-Portable-Head-Scratcher-Growth-Deep-Clean-Stress-Relax-Gifts-Men-Dad/5407182953,http://154.48.226.95:5001/image/20251226/fbb7184b08dd4a49a79f96d1b011119e.png,Morfone Official
US_7663002693_b8b184e255,US_7663002693,(US)🇺🇸美国沃尔玛容器,"Keyword: Travel Bottle
Store: Morfone Official
remark: Need Text Review",in stock,new,0.00 USD,https://www.walmart.com/ip/Morfone-Travel-Bottles-kit-TSA-Approved-Size-Containers-Toiletries-Leak-Proof-Refillable-Liquid-Accessories-Toiletry-Bag-Cosmetic-Shampoo-Conditioner/7663002693,http://154.48.226.95:5001/image/20251226/642bcb85c90941c8a3f8d445c6b37924.png,Morfone Official
US_B07J43CWC3_157482e71a,US_B07J43CWC3,(US)🇺🇸美国水泵,"Keyword: BOOSTER PUMP
Store: KOLERFLO",in stock,new,5.00 USD,https://amzn.to/48pviss,https://m.media-amazon.com/images/I/71TdscB0a3L._AC_SX679_.jpg,KOLERFLO
US_B08GPYDN6P_4fa8f62d50,US_B08GPYDN6P,(US)🇺🇸美国水泵,"Keyword: hot water pressure Pump
Store: POWERENG
remark: Need Text Review",in stock,new,0.00 USD,https://amzn.to/4p265KS,https://m.media-amazon.com/images/I/71Jx0ObykOL._AC_SL1500_.jpg,POWERENG
US_B0BWD38HLR_05f0f83895,US_B0BWD38HLR,(US)🇺🇸美国排气扇,"Keyword: Bathroom Fan
Store: POWERENG
remark: Need Text Review",in stock,new,0.00 USD,https://amzn.to/4aWF1Jw,https://m.media-amazon.com/images/I/51iSOAxJRxL._AC_SX569_.jpg,POWERENG
US_B0C551H6PB_62ab27e1be,US_B0C551H6PB,(US)🇺🇸美国斜切锯图评,"Keyword: Miter Saw Dust Collector with LED Light
Store: XUMI
remark: Need Image Review",in stock,new,10.00 USD,https://amzn.to/4pDjdqS,https://m.media-amazon.com/images/I/61r3iCSL9GL._AC_SL1024_.jpg,XUMI
US_B0CN88KJCC_7fac3411da,US_B0CN88KJCC,(US)🇺🇸美国排气扇,"Keyword: Bathroom Exhaust Fan with Light
Store: POWERENG
remark: Need Text Review",in stock,new,0.00 USD,https://amzn.to/4pLrDwD,https://m.media-amazon.com/images/I/51QItA7WMQL._AC_SX569_.jpg,POWERENG
US_B0CZRD28S5_e58642b750,US_B0CZRD28S5,(US)🇺🇸美国超声波清洗机,"Keyword: zima dental pod ultrasonic cleaner
Store: Woot
remark: Pay attention to choosing the store ""woot""",in stock,new,0.00 USD,https://amzn.to/49IYJIa,https://m.media-amazon.com/images/I/71AnL6hywJL._SL1500_.jpg,Woot
US_B0D12BD6YL_3553cd024e,US_B0D12BD6YL,(US)🇺🇸美国睫毛提升套装,"Keyword: lash lift and tint kit
Store: Amazon.com
remark: Sold by Amazon.com",in stock,new,0.00 USD,https://amzn.to/44zF0al,https://m.media-amazon.com/images/I/71S-0eTvGVL._SX679_.jpg,Amazon.com
US_B0D5CV3K4K_14cc81101a,US_B0D5CV3K4K,(US)🇺🇸美国 iPhone 14 /13保护壳,"Keyword: Magnetic for iPhone 13 Case with screen protector
Store: ORETech_Direct_USA
remark: Need Text Review",in stock,new,0.00 USD,https://amzn.to/43TGcFv,https://m.media-amazon.com/images/I/91mTkNnAh1L._AC_SY300_SX300_QL70_FMwebp_.jpg,ORETech_Direct_USA
US_B0D5MCBGFC_c7fadd5c79,US_B0D5MCBGFC,(US)🇺🇸美国灌装机,"Keyword: cone loader
Store: Cyt1tone
remark: Need Text Review",in stock,new,0.00 USD,https://amzn.to/48J8vsP,https://m.media-amazon.com/images/I/71DKIoNg36L._AC_SL1500_.jpg,Cyt1tone
US_B0D5MCBGFC_6f7be94de9,US_B0D5MCBGFC,(US)🇺🇸美国灌装机免评点星,"Keyword: cone loader
Store: Cyt1tone
remark: Need Rating",in stock,new,0.00 USD,https://amzn.to/48J8vsP,https://m.media-amazon.com/images/I/71DKIoNg36L._AC_SL1500_.jpg,Cyt1tone
US_B0D7QMMF9Y_629896f718,US_B0D7QMMF9Y,(US)🇺🇸美国训狗器,"Keyword: Dog Training Collar Shock Collars
Store: E-Hottest",in stock,new,0.00 USD,https://amzn.to/3MoQVS8,https://m.media-amazon.com/images/I/71GlkEay7NL._AC_SX679_.jpg,E-Hottest
US_B0D7QNMBF3_a43887a559,US_B0D7QNMBF3,(US)🇺🇸美国训狗器,"Keyword: Dog Training Collar Shock Collars 3dogs
Store: E-Hottest",in stock,new,0.00 USD,https://amzn.to/3XYqB3L,https://m.media-amazon.com/images/I/71TcIdZc3SL._AC_SX679_.jpg,E-Hottest
US_B0DD6C46DB_cfae535650,US_B0DD6C46DB,(US)🇺🇸美国汽车配件,"Keyword: 799584 Carburetor
Store: JAVENYIMAN-US",in stock,new,0.00 USD,https://amzn.to/484UTbh,https://m.media-amazon.com/images/I/81bSsWi96wL._AC_SY450_.jpg,JAVENYIMAN-US
US_B0DLKZKDSR_90be11c019,US_B0DLKZKDSR,(US)🇺🇸美国内衣收纳包税,"Keyword: underwear drawer organizer
Store: lvzhu store
remark: Color: Grey  Size: Set of 3
100% refund including taxes",in stock,new,0.00 USD,https://amzn.to/45dIrE0,"https://m.media-amazon.com/images/I/71AYLKVu1ZL._AC_SX679_PIbundle-3,TopRight,0,0_SH20_.jpg",lvzhu store
US_B0DMQVRQ98_89db902e0c,US_B0DMQVRQ98,(US)🇺🇸美国发套,"Keyword: hairnets for foodservice
Store: Ritzy-US
remark: Need Text Review",in stock,new,0.00 USD,https://amzn.to/483NsRz,"https://m.media-amazon.com/images/I/71qyMTTYb3L._SX679_PIbundle-500,TopRight,0,0_AA679SH20_.jpg",Ritzy-US
US_B0DPN3J57K_d164ef24c5,US_B0DPN3J57K,(US)🇺🇸美国脱发治疗,"Keyword: hair regrowth for men
Store: Amazon.com
remark: Sold by Amazon.com
use coupon",in stock,new,20.00 USD,https://amzn.to/44f1VIb,https://m.media-amazon.com/images/I/51zaB-tcEdL._SX679_.jpg,Amazon.com
US_B0DSF75WVR_9be6db9716,US_B0DSF75WVR,(US)🇺🇸美国负面佣金,"Keyword: https://amzn.to/4og4YGX
Store: CHENGBAIKE
remark: One-star bad review required, return of goods",in stock,new,0.00 USD,https://amzn.to/4og4YGX,https://m.media-amazon.com/images/I/51+caRwcP+L._AC_SL1200_.jpg,CHENGBAIKE
US_B0DSQ157VQ_1ae0c3661d,US_B0DSQ157VQ,(US)🇺🇸美国宠物零食,"Keyword: Dog Lumps and Bumps Supplement
Store: VivaElixir",in stock,new,0.00 USD,https://amzn.to/4aiioyN,https://m.media-amazon.com/images/I/71okVeYfHgL._AC_SX569_.jpg,VivaElixir
US_B0DW8J2G54_d23f1159d6,US_B0DW8J2G54,(US)🇺🇸美国探测器,"Keyword: camera detector
Store: JEWGINBRU
remark: Sold by JEWGINBRU",in stock,new,0.00 USD,https://amzn.to/43WPKQ2,https://m.media-amazon.com/images/I/51fibDV96CL._AC_SX679_.jpg,JEWGINBRU
US_B0DX1T4B5F_ae49698d1a,US_B0DX1T4B5F,(US)🇺🇸美国重金属,"Keyword: rockstar costume for kids
Store: FeiXingXin
remark: Need Text Review",in stock,new,0.00 USD,https://amzn.to/49HGQJL,https://m.media-amazon.com/images/I/7159SgZNxuL._AC_SX679_.jpg,FeiXingXin
US_B0DYCF9179_cb99082815,US_B0DYCF9179,(US)🇺🇸美国靠背,"Keyword: lumbar support pillow
Store: Shinnwa
remark: Need Text Review",in stock,new,0.00 USD,https://amzn.to/4om7taT,https://m.media-amazon.com/images/I/71mWxIBnf-L._AC_SX569_.jpg,Shinnwa
US_B0DYCF9179_5aef9525ca,US_B0DYCF9179,(US)🇺🇸美国靠背图评,"Keyword: lumbar support pillow
Store: Shinnwa",in stock,new,0.00 USD,https://amzn.to/4om7taT,https://m.media-amazon.com/images/I/71mWxIBnf-L._AC_SX569_.jpg,Shinnwa
US_B0DYJWS335_70758e8bac,US_B0DYJWS335,(US)🇺🇸美国狗咳嗽,"Keyword: Dog Cough Relief Soft Chews
Store: VivaElixir",in stock,new,0.00 USD,https://amzn.to/43VDf7b,https://m.media-amazon.com/images/I/71XogDkU+1L._AC_SX425_.jpg,VivaElixir
US_B0DZC33VRN_dffb5bb641,US_B0DZC33VRN,(US)🇺🇸美国颈部按摩器,"Keyword: neck massager
Store: WANLIHENG
remark: Need Text Review",in stock,new,0.00 USD,https://amzn.to/4rp9RAa,https://m.media-amazon.com/images/I/61bEKd+r9eL._AC_SX679_.jpg,WANLIHENG
US_B0DZMZBVTQ_dc7e51c3e0,US_B0DZMZBVTQ,(US)🇺🇸美国水凝胶正畸蜡,"Keyword: Orthodontic Wax for Braces
Store: Kaminson",in stock,new,0.00 USD,https://amzn.to/3KcS6Ug,https://m.media-amazon.com/images/I/71jpWJ+L9HL._SX679_.jpg,Kaminson
US_B0F1CWP9K6_44f6b4c8e8,US_B0F1CWP9K6,(US)🇺🇸美国排气扇,"Keyword: Kitchen Exhaust Fan
Store: POWERENG
remark: Need Text Review",in stock,new,0.00 USD,https://amzn.to/48VgCBy,https://m.media-amazon.com/images/I/712z9CLd2GL._AC_SL1500_.jpg,POWERENG
US_B0F1F9777B_2347ba7653,US_B0F1F9777B,(US)🇺🇸美国污水泵,"Keyword: bilge pumps for boats
Store: KOLERFLO",in stock,new,0.00 USD,https://amzn.to/3KrTbHI,https://m.media-amazon.com/images/I/61q-S+WB+4L._AC_SY300_SX300_QL70_FMwebp_.jpg,KOLERFLO
US_B0F48FJDT5_f970989b2a,US_B0F48FJDT5,(US)🇺🇸美国牙膏,"Keyword: foam whitening toothpaste
Store: foshanshilaojiujiajuyouxiangongsi",in stock,new,0.00 USD,https://amzn.to/481MxRC,https://m.media-amazon.com/images/I/41cjmZLqKaL._AC_SX569_.jpg,foshanshilaojiujiajuyouxiangongsi
US_B0F5W8S4DL_da8a28cf55,US_B0F5W8S4DL,(US)🇺🇸美国电视天线,"Keyword: TV Antenna
Store: dineng
remark: Sold by
dineng 购买金额39.99",in stock,new,0.00 USD,https://amzn.to/44ylZ8a,https://m.media-amazon.com/images/I/61zVvq3kPkL._AC_SX425_.jpg,dineng
US_B0F6V36S1G_b8df41f2c3,US_B0F6V36S1G,(US)🇺🇸美国椅子垫图评,"Keyword: chair mat
Store: tonaus store
remark: Size: 36"" x 48"" for Hard Floor",in stock,new,0.00 USD,https://amzn.to/4pTsIlJ,https://m.media-amazon.com/images/I/81Z-Z73NhjL._AC_SX569_.jpg,tonaus store
US_B0F7XWCGDJ_d27d8762bf,US_B0F7XWCGDJ,(US)🇺🇸美国睫毛提升套装,"Keyword: eyelash lift kit and tint
Store: Amazon.com
remark: Sold by Amazon.com",in stock,new,0.00 USD,https://amzn.to/49Iw6eb,https://m.media-amazon.com/images/I/710JI+DM2lL._SX679_.jpg,Amazon.com
US_B0F83ZDG94_1657995d76,US_B0F83ZDG94,(US)🇺🇸美国狗项圈,"Keyword: Flea and Tick Collar for Dogs
Store: VivaElixir",in stock,new,0.00 USD,https://amzn.to/4p7fiCy,https://m.media-amazon.com/images/I/71dvncQwYoL._AC_SX425_.jpg,VivaElixir
US_B0F89XYFHN_fac260914b,US_B0F89XYFHN,(US)🇺🇸美国DVD光驱,"Keyword: TODAAIR External DVD Drive. USB 3.0 Type-C DVD-RW CD Burner for Laptop PC, Portable DVD CD ROM Rewriter with High Speed Data Transfer,Compatible with Windows,Mac OS, Linux, Plug & Play
Store: shenzhenlingjiangkejiyouxiangongsi",in stock,new,0.00 USD,https://amzn.to/4ojnTR8,https://m.media-amazon.com/images/I/71LKZCvLsoL._AC_SL1500_.jpg,shenzhenlingjiangkejiyouxiangongsi
US_B0F89ZCJG8_02dc70b9de,US_B0F89ZCJG8,(US)🇺🇸美国DVD光驱,"Keyword: TODAAIR Portable DVD Drive USB 3.0 & Type-C, Read/Write, Plug & Play, Compatible with All Laptops, Supports USB Type-C SD-Slot TF-Slot Access
Store: shenzhenlingjiangkejiyouxiangongsi
remark: Need Text Review",in stock,new,0.00 USD,https://amzn.to/4pxkQpz,https://m.media-amazon.com/images/I/71qfNFARs1L._AC_SX425_.jpg,shenzhenlingjiangkejiyouxiangongsi
US_B0F8H6H3FG_d9402cb2c7,US_B0F8H6H3FG,(US)🇺🇸美国通风导流器,"Keyword: vent deflector
Store: Maimeng Technology Co., Ltd
remark: Need Text Review",in stock,new,0.00 USD,https://amzn.to/43Vl5m9,"https://m.media-amazon.com/images/I/61xp-W-rYdL._AC_SX679_PIbundle-2,TopRight,0,0_SH20_.jpg","Maimeng Technology Co., Ltd"
US_B0F8HZJHX2_588525fbb7,US_B0F8HZJHX2,(US)🇺🇸美国地板通风口盖,"Keyword: floor vent covers
Store: Maimeng Technology Co., Ltd",in stock,new,0.00 USD,https://amzn.to/43U2gj9,"https://m.media-amazon.com/images/I/6121m87WK3L._AC_SX569_PIbundle-2,TopRight,0,0_SH20_.jpg","Maimeng Technology Co., Ltd"
US_B0F8J3PRJY_a019a80576,US_B0F8J3PRJY,(US)🇺🇸美国地板通风口盖,"Keyword: Vent Deflectors
Store: Maimeng Technology Co., Ltd",in stock,new,0.00 USD,https://amzn.to/3XkjrqA,"https://m.media-amazon.com/images/I/71EqhDNpbwL._AC_SX679_PIbundle-2,TopRight,0,0_SH20_.jpg","Maimeng Technology Co., Ltd"
US_B0F9Y6Z5LR_408ae3c3da,US_B0F9Y6Z5LR,(US)🇺🇸美国负面佣金,"Keyword: https://www.amazon.com/Charging-Replacement-Portable-Bluetooth-Included/dp/B0F9Y6Z5LR/ref=sr_1_1
Store: TinSan
remark: need 1 star bad review and return",in stock,new,0.00 USD,https://amzn.to/49hUzqx,https://m.media-amazon.com/images/I/51+caRwcP+L._AC_SL1200_.jpg,TinSan
US_B0FBW9VGRG_c63f7bc3b8,US_B0FBW9VGRG,(US)🇺🇸美国猫追踪器,"Keyword: cat tracker
Store: WUJIU",in stock,new,0.00 USD,https://amzn.to/43O8xgo,https://m.media-amazon.com/images/I/71dGCGXAOlL._AC_SX425_.jpg,WUJIU
US_B0FC68XSYY_98b8ea4423,US_B0FC68XSYY,(US)🇺🇸美国负面佣金,"Keyword: https://amzn.to/4qouriU
Store: JIANBENKJ
remark: Need Text Review
One-star review required, return of goods, payment of commission $20",in stock,new,0.00 USD,https://amzn.to/4qouriU,https://m.media-amazon.com/images/I/51+caRwcP+L._AC_SL1200_.jpg,JIANBENKJ
US_B0FCCLB76S_2f6c836052,US_B0FCCLB76S,(US)🇺🇸美国喂鸟器图评,"Keyword: platform bird feeders
Store: STRANGE KOALA
remark: Need Image Review",in stock,new,0.00 USD,https://amzn.to/482dmFk,https://m.media-amazon.com/images/I/819O4J8xUbL._AC_SL1500_.jpg,STRANGE KOALA
US_B0FCCLTD85_58c948a719,US_B0FCCLTD85,(US)🇺🇸美国喂鸟器 图评,"Keyword: platform bird feeders
Store: STRANGE KOALA
remark: Need Text Review",in stock,new,0.00 USD,https://amzn.to/48CHC9S,https://m.media-amazon.com/images/I/815MWJoSvxL._AC_SL1500_.jpg,STRANGE KOALA
US_B0FCSFYFSD_82b030946a,US_B0FCSFYFSD,(US)🇺🇸美国碳包,"Keyword: charcoal odor absorber
Store: SANTAAMZ
remark: Need Text Review",in stock,new,0.00 USD,https://amzn.to/4qezClA,https://m.media-amazon.com/images/I/7111UykpW-L._AC_SL1500_.jpg,SANTAAMZ
US_B0FF4QCGKF_3e3da1dbbc,US_B0FF4QCGKF,(US)🇺🇸美国礼品袋,"Keyword: Black Gold 40th Birthday Gift Bag with Card and Tissue Paper
Store: JMANNI-US",in stock,new,0.00 USD,https://amzn.to/49DOpkN,https://m.media-amazon.com/images/I/616btn87hlL._AC_SX425_.jpg,JMANNI-US
US_B0FF8CQGZH_836a7a4236,US_B0FF8CQGZH,(US)🇺🇸美国生日礼品袋,"Keyword: Black Gold 16th Birthday Gift Bag
Store: JMANNI-US",in stock,new,0.00 USD,https://amzn.to/48iI5wx,https://m.media-amazon.com/images/I/61+y1+GORcL._AC_SX466_.jpg,JMANNI-US
US_B0FFLX21F3_c0090b0bd2,US_B0FFLX21F3,(US)🇺🇸美国摇篮床垫,"Keyword: 33x20 Bassinet Mattress
Store: Woot
remark: Size: 33"" x 20"" x 2""
Sold by Woot",in stock,new,3.00 USD,https://amzn.to/3XkE71u,https://m.media-amazon.com/images/I/81CYoDEMO3L._AC_SX679_.jpg,Woot
US_B0FFLX21F3_6e7d42a653,US_B0FFLX21F3,(US)🇺🇸美国摇篮床垫,"Keyword: 33x20 Bassinet Mattress
Store: Woot
remark: Size: 33"" x 20"" x 2""
Sold by Woot",in stock,new,0.00 USD,https://amzn.to/4irTLSu,https://m.media-amazon.com/images/I/81CYoDEMO3L._AC_SX679_.jpg,Woot
US_B0FFLX5WMY_6b4a958345,US_B0FFLX5WMY,(US)🇺🇸美国儿童床垫免评点星,"Keyword: 4moms pack n play mattress
Store: AOHWIDER",in stock,new,3.00 USD,https://amzn.to/484sUZ7,https://m.media-amazon.com/images/I/81vw3ImuzGL._AC_SX679_.jpg,AOHWIDER
US_B0FFX5NZ39_7a715f8831,US_B0FFX5NZ39,(US)🇺🇸美国刮痧工具,"Keyword: gua sha tools
Store: NovaxDream",in stock,new,0.00 USD,https://amzn.to/44tSRiv,https://m.media-amazon.com/images/I/61W3P4yjO7L._AC_SY450_.jpg,NovaxDream
US_B0FGHZCN4Q_c1a236c778,US_B0FGHZCN4Q,(US)🇺🇸美国 超声波,"Keyword: ultrasonic retainer cleaner
Store: PeiSiShangMao
remark: Need Text Review",in stock,new,0.00 USD,https://amzn.to/4ag6LZe,https://m.media-amazon.com/images/I/61O2ElaN+YL._SX679_.jpg,PeiSiShangMao
US_B0FH6R2P4S_7edfddf6b2,US_B0FH6R2P4S,(US)🇺🇸美国远红外热敷贴,"Keyword: eat patches for back pain
Store: JY MEDICAL",in stock,new,0.00 USD,https://amzn.to/4acjufy,https://m.media-amazon.com/images/I/71EoGvJCg6L._AC_SY300_SX300_QL70_FMwebp_.jpg,JY MEDICAL
US_B0FHX85C3F_2a6c180edb,US_B0FHX85C3F,(US)🇺🇸美国身份证卡包,"Keyword: Bat Wallet ID
Store: Harrier Baby
remark: Need Text Review",in stock,new,0.00 USD,https://amzn.to/4pD5Tmd,https://m.media-amazon.com/images/I/71eaYGbyFbL._AC_SL1460_.jpg,Harrier Baby
US_B0FJFKSK3N_ca1c0ca0dc,US_B0FJFKSK3N,(US)🇺🇸美国野营挡风板,"Keyword: Camping Stove Windscreen
Store: BEST.CHOICES
remark: Size: 10 Plates",in stock,new,0.00 USD,https://amzn.to/43O8KAc,https://m.media-amazon.com/images/I/61A3LQ+fEzL._AC_SX569_.jpg,BEST.CHOICES
US_B0FJFKSL9D_623682fe3c,US_B0FJFKSL9D,(US)🇺🇸美国野营挡风板,"Keyword: Camping Stove Windscreen
Store: BEST.CHOICES
remark: Size: 16 Plates",in stock,new,0.00 USD,https://amzn.to/484Lfp1,https://m.media-amazon.com/images/I/61pARqO-BxL._AC_SX569_.jpg,BEST.CHOICES
US_B0FKM4QVKK_637cbe424e,US_B0FKM4QVKK,(US)🇺🇸美国漱口水,"Keyword: mouthwash travel size
Store: AlwaysDeals4You",in stock,new,0.00 USD,https://amzn.to/4rp9JRh,"https://m.media-amazon.com/images/I/81XG-hpKmNL._AC_SX679_PIbundle-20,TopRight,0,0_SH20_.jpg",AlwaysDeals4You
US_B0FKM4QVKK_9f303122b2,US_B0FKM4QVKK,(US)🇺🇸美国漱口水免评,"Keyword: mouthwash travel size
Store: AlwaysDeals4You
remark: No Review",in stock,new,0.00 USD,https://amzn.to/486sAsZ,"https://m.media-amazon.com/images/I/81XG-hpKmNL._AC_SX679_PIbundle-20,TopRight,0,0_SH20_.jpg",AlwaysDeals4You
US_B0FL22DW8N_de42e5ff3a,US_B0FL22DW8N,(US)🇺🇸美国骰子免评,"Keyword: Stocking Stuffers for Men Women Adults
Store: LMT-DD
remark: No Review",in stock,new,0.00 USD,https://amzn.to/4pAUx1T,https://m.media-amazon.com/images/I/81e7SpIU41L._AC_SL1500_.jpg,LMT-DD
US_B0FLK162VD_0a19413dac,US_B0FLK162VD,(US)🇺🇸美国办公桌铭牌,"Keyword: Name Plate for Desk
Store: Customized acrylic
remark: Need Text Review",in stock,new,0.00 USD,https://amzn.to/4rlp45q,https://m.media-amazon.com/images/I/7109wzLiK1L._AC_SX679_.jpg,Customized acrylic
US_B0FLK162VD_9c1086864c,US_B0FLK162VD,(US)🇺🇸美国办公桌铭牌免评,"Keyword: Name Plate for Desk
Store: Customized acrylic
remark: use coupon",in stock,new,1.00 USD,https://amzn.to/4aijtXn,https://m.media-amazon.com/images/I/7109wzLiK1L._AC_SX679_.jpg,Customized acrylic
US_B0FLPQQTB6_bc25eb7813,US_B0FLPQQTB6,(US)🇺🇸美国猫蒸汽刷,"Keyword: B0FLPQQTB6
Store: LIXIAOCHAO",in stock,new,0.00 USD,https://amzn.to/43WQYL8,https://m.media-amazon.com/images/I/71GYmXKLg2L._SX679_.jpg,LIXIAOCHAO
US_B0FLVXVVLX_4b0140dabd,US_B0FLVXVVLX,(US)🇺🇸美国女士香水,"Keyword: Pheromones Perfumes for Women
Store: VivaFemme Store
remark: Need Text Review",in stock,new,0.00 USD,https://amzn.to/43RSz4N,https://m.media-amazon.com/images/I/710SZWoZu1L._SL1500_.jpg,VivaFemme Store
US_B0FMFLXLZP_692fb6d74c,US_B0FMFLXLZP,(US)🇺🇸美国皮革印章,"Keyword: custom leather stamp
Store: WINSWARE
remark: Need Text Review",in stock,new,0.00 USD,https://amzn.to/4jbAR2u,https://m.media-amazon.com/images/I/71tU1uNf5mL._AC_SL1500_.jpg,WINSWARE
US_B0FMJGFZ24_8a37575570,US_B0FMJGFZ24,(US)🇺🇸美国手部按摩仪图评,"Keyword: hand massager
Store: Alljoy Official Store
remark: Need Image Review",in stock,new,5.00 USD,https://amzn.to/3XJmqsH,https://m.media-amazon.com/images/I/61bZ7LnNNXL._AC_SL1500_.jpg,Alljoy Official Store
US_B0FN441K9L_83262d5062,US_B0FN441K9L,(US)🇺🇸美国线轴免评点星,"Keyword: green pla filament
Store: Best Home Decor Factory
remark: Need Rating
Sold by Best Home Decor Factory",in stock,new,0.00 USD,https://amzn.to/49qYPUb,https://m.media-amazon.com/images/I/71v+h8kDH6L._AC_SX679_.jpg,Best Home Decor Factory
US_B0FN46ZC2H_a0caac206c,US_B0FN46ZC2H,(US)🇺🇸美国线轴免评点星,"Keyword: orange pla filament
Store: Best Home Decor Factory
remark: Need Rating
Sold by Best Home Decor Factory",in stock,new,0.00 USD,https://amzn.to/4pN0cCt,https://m.media-amazon.com/images/I/71cI2RA+ObL._AC_SL1500_.jpg,Best Home Decor Factory
US_B0FNRMQ6GQ_68ddbbdc27,US_B0FNRMQ6GQ,(US)🇺🇸美国戒指,"Keyword: love ring
Store: Yiwushixiaoshengdianzishangwuyouxiangongsi",in stock,new,0.00 USD,https://amzn.to/4iKtGOH,https://m.media-amazon.com/images/I/51BT+feRXVL._AC_SY500_.jpg,Yiwushixiaoshengdianzishangwuyouxiangongsi
US_B0FQ5KKDBP_afc42f884e,US_B0FQ5KKDBP,(US)🇺🇸美国洗发皂,"Keyword: black soap for gray hair
Store: tianmai
remark: Need Text Review",in stock,new,0.00 USD,https://amzn.to/4prAVNq,https://m.media-amazon.com/images/I/81AP3djdvXL._SL1500_.jpg,tianmai
US_B0FQBR1PV9_afffc5326a,US_B0FQBR1PV9,(US)🇺🇸美国相机带图评,"Keyword: Divvia 1.8""Wide Professional Camera Neck Strap
Store: Divvia Camera Bags
remark: Need Image Review",in stock,new,0.00 USD,https://amzn.to/3K9aAVF,https://m.media-amazon.com/images/I/61ULMLMjcLL._AC_SX679_.jpg,Divvia Camera Bags
US_B0FQBR2X9T_c359326a33,US_B0FQBR2X9T,(US)🇺🇸美国相机带,"Keyword: Divvia 1.3""Wide Camera Strap Fashionable PU Leather Camera Strap
Store: Divvia Camera Bags
remark: Need Text Review",in stock,new,0.00 USD,https://amzn.to/4rolxmM,https://m.media-amazon.com/images/I/51HhsyBTUlL._AC_SX679_.jpg,Divvia Camera Bags
US_B0FQBR2X9T_5025f2e225,US_B0FQBR2X9T,(US)🇺🇸美国相机带图评,"Keyword: Divvia 1.3""Wide Camera Strap Fashionable PU Leather Camera Strap
Store: Divvia Camera Bags",in stock,new,0.00 USD,https://amzn.to/4p2Y3Ca,https://m.media-amazon.com/images/I/51HhsyBTUlL._AC_SX679_.jpg,Divvia Camera Bags
US_B0FQBRQN8H_f93b2a08a2,US_B0FQBRQN8H,(US)🇺🇸美国相机背带,"Keyword: Divvia camera straps for photographers
Store: Divvia Camera Bags
remark: Need Text Review",in stock,new,0.00 USD,https://amzn.to/3M0Pj0W,https://m.media-amazon.com/images/I/71q1KV-C95L._AC_SX679_.jpg,Divvia Camera Bags
US_B0FQBRQN8H_2bac828b04,US_B0FQBRQN8H,(US)🇺🇸美国相机背带图评,"Keyword: Divvia camera straps for photographers
Store: Divvia Camera Bags
remark: Need Text Review",in stock,new,0.00 USD,https://amzn.to/4830leC,https://m.media-amazon.com/images/I/71q1KV-C95L._AC_SX679_.jpg,Divvia Camera Bags
US_B0FQBT92J7_2fb53e4a40,US_B0FQBT92J7,(US)🇺🇸美国相机带免评,"Keyword: Divvia 1.3""Wide Camera Strap Fashionable PU Leather Camera Strap
Store: Divvia Camera Bags
remark: No Review",in stock,new,2.00 USD,https://amzn.to/4og3cpv,https://m.media-amazon.com/images/I/51uGUVrf+-L._AC_SX679_.jpg,Divvia Camera Bags
US_B0FR2NJG8L_6d7d2408d9,US_B0FR2NJG8L,(US)🇺🇸美国护膝图评,"Keyword: ZJMQJ Knee Brace Meniscus Tear Support
Store: qijun2012",in stock,new,0.00 USD,https://amzn.to/4p4ZPD5,https://m.media-amazon.com/images/I/71XtUhsvDmL._SX385_.jpg,qijun2012
US_B0FRG5FWMM_75927089de,US_B0FRG5FWMM,(US)🇺🇸美国夹子图评,"Keyword: ZJEOSO Gold Binder Clips Paper Clamps
Store: Princess - Gifts
remark: Need Image Review",in stock,new,0.00 USD,https://amzn.to/49C1KKm,https://m.media-amazon.com/images/I/81v0KZ406GL._AC_SX679_.jpg,Princess - Gifts
US_B0FRG9T5R7_5fd361a26b,US_B0FRG9T5R7,(US)🇺🇸美国负面佣金,"Keyword: https://amzn.to/3Y2L1Zt
Store: Laptop Flagship Store
remark: Need Text Review
One-star review, need to return the goods. Pay additional commission",in stock,new,0.00 USD,https://amzn.to/4ph11TS,https://m.media-amazon.com/images/I/51+caRwcP+L._AC_SL1200_.jpg,Laptop Flagship Store
US_B0FS5CP1VZ_b6ebed264e,US_B0FS5CP1VZ,(US)🇺🇸美国礼品袋生日款,"Keyword: Happy Birthday Gift Bag
Store: YoungTree-US
remark: Need Text Review
100% refund with all taxes included",in stock,new,0.00 USD,https://amzn.to/4pE4N9v,https://m.media-amazon.com/images/I/71eKUA5Vx2L._AC_SL1500_.jpg,YoungTree-US
US_B0FS6333FR_585a5a0e85,US_B0FS6333FR,(US)🇺🇸美国大理石礼品袋,"Keyword: Large Gift Bag with Tissue Papers
Store: YoungTree-US
remark: Need Text Review
100% refund with all taxes included",in stock,new,0.00 USD,https://amzn.to/4aevHQO,https://m.media-amazon.com/images/I/71e2WhAYuGL._AC_SL1500_.jpg,YoungTree-US
US_B0FS7BLXR8_1ba5e53a7c,US_B0FS7BLXR8,(US)🇺🇸美国烟盒,"Keyword: joint holder、pre roll case
Store: PYRETIC SMART KITS
remark: Need Text Review",in stock,new,0.00 USD,https://amzn.to/49IOwM2,https://m.media-amazon.com/images/I/71t85DVhCWL._SL1500_.jpg,PYRETIC SMART KITS
US_B0FS7BLXR8_a34ca7d52e,US_B0FS7BLXR8,(US)🇺🇸美国烟盒免评,"Keyword: joint holder、pre roll case
Store: PYRETIC SMART KITS
remark: Need Rating",in stock,new,0.00 USD,https://amzn.to/3XYrnOd,https://m.media-amazon.com/images/I/71t85DVhCWL._SL1500_.jpg,PYRETIC SMART KITS
US_B0FSJ7WM9S_55100420fd,US_B0FSJ7WM9S,(US)🇺🇸美国烟盒,"Keyword: joint holder case
Store: PYRETIC SMART KITS
remark: Need Text Review",in stock,new,0.00 USD,https://amzn.to/3MMbp7J,https://m.media-amazon.com/images/I/617nCjgGj7L._AC_SL1500_.jpg,PYRETIC SMART KITS
US_B0FSJ7WM9S_d451713c2a,US_B0FSJ7WM9S,(US)🇺🇸美国烟盒免评点星,"Keyword: joint holder case
Store: PYRETIC SMART KITS
remark: Need Rating",in stock,new,0.00 USD,https://amzn.to/3MMbp7J,https://m.media-amazon.com/images/I/617nCjgGj7L._AC_SL1500_.jpg,PYRETIC SMART KITS
US_B0FSYSK75P_638597ee17,US_B0FSYSK75P,(US)🇺🇸美国护理胶带,"Keyword: hydrocolloid roll medical grade hydrocolloid roll hydrocolloid bandages hydrocolloid patch
Store: yiranyiliaoguanli
remark: Need Text Review
Sold by
yiranyiliaoguanli",in stock,new,0.00 USD,https://amzn.to/48BOkwW,https://m.media-amazon.com/images/I/6130NgKxrJL._AC_SL1500_.jpg,yiranyiliaoguanli
US_B0FSZ8S6G6_30c6444d86,US_B0FSZ8S6G6,(US)🇺🇸美国椅垫图评,"Keyword: WASJOYE Office Chair Mat Office Chair Mat for Hard Floor
Store: BigSN
remark: Need Image Review.Request to use the coupon for purchase
The comment content requires ""no dents, not easy to move""",in stock,new,0.00 USD,https://amzn.to/49jTeyV,https://m.media-amazon.com/images/I/712AHw9MfhL._AC_SL1200_.jpg,BigSN
US_B0FT14ND4S_cabbf838f3,US_B0FT14ND4S,(US)🇺🇸美国牙刷头,"Keyword: sonicare replacement heads
Store: 7C-CRADLE
remark: Need Text Review 100% refund with all taxes included",in stock,new,0.00 USD,https://amzn.to/3KO8gUk,https://m.media-amazon.com/images/I/71jwB2IafbL._AC_SL1500_.jpg,7C-CRADLE
US_B0FT16L81D_bb09a1c8e6,US_B0FT16L81D,(US)🇺🇸美国牙刷头,"Keyword: philips sonicare replacement heads
Store: 7C-CRADLE
remark: Need Text Review
100% refund with all taxes included",in stock,new,0.00 USD,https://amzn.to/4oW9quY,https://m.media-amazon.com/images/I/71WIUwH4UoL._AC_SX679_.jpg,7C-CRADLE
US_B0FT387RLB_3c0e9405e9,US_B0FT387RLB,(US)🇺🇸美国年龄礼品袋包税,"Keyword: Medium Birthday Present Bag
Store: JMANNI-US
remark: Need Text Review.Optional.100% refund, including taxes",in stock,new,0.00 USD,https://amzn.to/4aWdAPV,https://m.media-amazon.com/images/I/71w8w7jsx1L._AC_SL1500_.jpg,JMANNI-US
US_B0FT38CS6L_7b70230d80,US_B0FT38CS6L,(US)🇺🇸美国黑金年龄礼品袋,"Keyword: Happy Birthday Gift Bag
Store: YoungTree-US
remark: Need Text Review
100% refund with all taxes included",in stock,new,0.00 USD,https://amzn.to/4pQINbA,https://m.media-amazon.com/images/I/71RgK-csSbL._AC_SL1500_.jpg,YoungTree-US
US_B0FX9DQJ7T_783e0acb0d,US_B0FX9DQJ7T,(US)🇺🇸美国年龄款礼品袋,"Keyword: Happy Birthday Gift Bag
Store: YoungTree-US
remark: Need Text Review
100% refund with all taxes included",in stock,new,0.00 USD,https://amzn.to/48TDhhz,https://m.media-amazon.com/images/I/71w8w7jsx1L._AC_SL1500_.jpg,YoungTree-US
US_B0FYLXDNV9_0a5d69a406,US_B0FYLXDNV9,(US)🇺🇸美国追踪标签,"Keyword: android airtag
Store: Woot
remark: Need Text Review",in stock,new,0.00 USD,https://amzn.to/4pPFxOf,https://m.media-amazon.com/images/I/71EIffSNFxL._AC_SL1500_.jpg,Woot
US_B0FZ5KCCMH_17a437d96e,US_B0FZ5KCCMH,(US)🇺🇸美国儿童GPS追踪器,"Keyword: GPS Tracker for Kids
Store: WUJIU
remark: Need Text Review",in stock,new,0.00 USD,https://amzn.to/4p4U2NO,https://m.media-amazon.com/images/I/71y2NRgQP3L._AC_SL1500_.jpg,WUJIU
US_B0FZ5RJ8B9_76c03f4809,US_B0FZ5RJ8B9,(US)🇺🇸美国猫追踪器,"Keyword: cat tracker
Store: WUJIU
remark: Need Text Review",in stock,new,0.00 USD,https://amzn.to/4pDjQkg,https://m.media-amazon.com/images/I/81IIf2eT3JL._AC_SL1500_.jpg,WUJIU
US_B0FZ5RJ8B9_2a166ab284,US_B0FZ5RJ8B9,(US)🇺🇸美国猫追踪器免评点星,"Keyword: cat tracker
Store: WUJIU
remark: Need Rating",in stock,new,0.00 USD,https://amzn.to/4pDjQkg,https://m.media-amazon.com/images/I/81IIf2eT3JL._AC_SL1500_.jpg,WUJIU
US_B0G1S93BZF_893b87476e,US_B0G1S93BZF,(US)🇺🇸美国床褥整理工具,"Keyword: INSMART Extra Long Bed Sheet Tucker
Store: zhoululuadas
remark: Need Text Review",in stock,new,0.00 USD,https://amzn.to/3M9aEFA,https://m.media-amazon.com/images/I/61-tynpUrlL._AC_SL1500_.jpg,zhoululuadas
US_B0G49H5WSL_775bccd451,US_B0G49H5WSL,(US)🇺🇸美国戒指免评点星,"Keyword: love ring
Store: Yiwushixiaoshengdianzishangwuyouxiangongsi
remark: Need Rating",in stock,new,0.00 USD,https://amzn.to/3XGPwJd,https://m.media-amazon.com/images/I/51BT+feRXVL._AC_SY500_.jpg,Yiwushixiaoshengdianzishangwuyouxiangongsi
US_B0G4FWMY61_a355bf0740,US_B0G4FWMY61,(US)🇺🇸美国加湿器,"Keyword: dehumidifier
Store: U kitchen Store
remark: Need Text Review",in stock,new,0.00 USD,https://amzn.to/4jcWz6m,https://m.media-amazon.com/images/I/610Lr-9JIDL._AC_SL1500_.jpg,U kitchen Store
US_B0G4G65PYS_e2866e75db,US_B0G4G65PYS,(US)🇺🇸美国除湿机,"Keyword: dehumidifier
Store: U kitchen Store
remark: Need Text Review",in stock,new,0.00 USD,https://amzn.to/3MnBkT9,https://m.media-amazon.com/images/I/61ZixoSGV-L._AC_SL1500_.jpg,U kitchen Store
US_B0G8J1FMNN_a26b702082,US_B0G8J1FMNN,(US)🇺🇸美国鸡蛋印章,"Keyword: custom egg stamp
Store: WINSWARE
remark: Need Text Review",in stock,new,0.00 USD,https://amzn.to/45srN3A,https://m.media-amazon.com/images/I/71ZJba08oJL._AC_SL1500_.jpg,WINSWARE
US_B0GC4CN5SZ_f4dd851959,US_B0GC4CN5SZ,(US)🇺🇸美国高尔夫球包邮,"Keyword: personalized golf ball
Store: WINSWARE
remark: Need Text Review,Including shipping cost",in stock,new,0.00 USD,https://amzn.to/48Xx5Xi,https://m.media-amazon.com/images/I/61cA1OUtcPL._AC_SL1500_.jpg,WINSWARE
